{
    "LongRains": {
        "scores": {
            "prob_cold": 0.05801374837756157,
            "prob_heat": 0.0580652691423893,
            "prob_drought": 0.10568606108427048,
            "prob_flood": 0.10120352357625961,
            "prob_overall_fail": 0.14280390739440918,
            "rain": 0.8720445036888123,
            "temp": 0.8705347776412964,
            "cec_apparent": 0.8900275230407715,
            "slope": 0.7208836078643799,
            "texture": 0.8776163458824158,
            "organic_carbon": 0.9752126336097717,
            "rh": 0.7769569158554077,
            "zinc": 0.9833405017852783,
            "ecec": 0.9998243451118469,
            "ph": 0.8261613845825195,
            "iron": 1.0,
            "phosphorus": 0.682482123374939,
            "total_nitrogen": 0.8402785062789917,
            "stone_content": 0.9715867638587952,
            "calcium": 0.9998867511749268,
            "magnesium": 0.9973257184028625,
            "potassium": 1.0,
            "bedrock_depth": 0.9999963641166687,
            "prec_month1": 0.9327574372291565,
            "prec_month2": 0.8736879229545593,
            "min_temp": 0.953238308429718,
            "prec_month3": 0.9973554015159607,
            "germin_temp": 0.9413053393363953,
            "prec_month4": 0.9783744215965271,
            "max_temp": 0.9949571490287781,
            "rh_dev": 0.9500794410705566,
            "rh_mat": 0.7769569158554077
        },
        "raw": {
            "slope": 14.182900428771973,
            "ecec": 14.597176551818848,
            "cec_apparent": 14.8886137008667,
            "organic_carbon": 2.1694343090057373,
            "zinc": 3.4140632152557373,
            "iron": 91.56523132324219,
            "ph": 5.536288738250732,
            "total_nitrogen": 0.23105688393115997,
            "calcium": 4.142666816711426,
            "magnesium": 1.5673993825912476,
            "potassium": 0.4152483344078064,
            "phosphorus": 10.785950660705566,
            "stone_content": 1.6018966436386108,
            "bedrock_depth": 199.78746032714844,
            "prec_month1": 231.0497589111328,
            "prec_month2": 270.9444274902344,
            "prec_month3": 151.53646850585938,
            "prec_month4": 186.37330627441406,
            "mean_season_rain": 768.4315185546875,
            "mean_temp": 17.499277114868164,
            "min_temp": 12.948614120483398,
            "max_temp": 22.74859046936035,
            "germin_temp": 18.413667678833008,
            "rh_dev": 82.43860626220703,
            "rh_mat": 79.19627380371094,
            "clay_content": 66.14557647705078,
            "texture": 2.154664993286133
        }
    },
    "ShortRains": {
        "scores": {
            "prob_cold": 0.06565937399864197,
            "prob_heat": 0.0658382698893547,
            "prob_drought": 0.2986518144607544,
            "prob_flood": 0.08633452653884888,
            "prob_overall_fail": 0.3120068609714508,
            "rain": 0.6578445434570312,
            "slope": 0.7208836078643799,
            "temp": 0.9013735055923462,
            "texture": 0.8776163458824158,
            "rh": 0.9092112183570862,
            "ecec": 0.9998244643211365,
            "cec_apparent": 0.890030562877655,
            "organic_carbon": 0.9752126932144165,
            "zinc": 0.9833415746688843,
            "iron": 1.0,
            "ph": 0.8261584043502808,
            "total_nitrogen": 0.8402732610702515,
            "calcium": 0.9998867511749268,
            "magnesium": 0.9973253011703491,
            "potassium": 1.0,
            "phosphorus": 0.6824787855148315,
            "stone_content": 0.9715897440910339,
            "bedrock_depth": 0.9999966025352478,
            "prec_month3": 0.7162343263626099,
            "prec_month1": 0.9758488535881042,
            "prec_month4": 0.6826543211936951,
            "prec_month2": 0.9285657405853271,
            "min_temp": 0.954311728477478,
            "germin_temp": 0.9457041621208191,
            "max_temp": 0.9850098490715027,
            "rh_dev": 0.9812005162239075,
            "rh_mat": 0.9092112183570862
        },
        "raw": {
            "slope": 14.182900428771973,
            "ecec": 14.597176551818848,
            "cec_apparent": 14.8886137008667,
            "organic_carbon": 2.1694343090057373,
            "zinc": 3.4140632152557373,
            "iron": 91.56523132324219,
            "ph": 5.536288738250732,
            "total_nitrogen": 0.23105688393115997,
            "calcium": 4.142666816711426,
            "magnesium": 1.5673993825912476,
            "potassium": 0.4152483344078064,
            "phosphorus": 10.785950660705566,
            "stone_content": 1.6018966436386108,
            "bedrock_depth": 199.78746032714844,
            "prec_month1": 151.6722412109375,
            "prec_month2": 109.0501480102539,
            "prec_month3": 67.40617370605469,
            "prec_month4": 66.3494873046875,
            "mean_season_rain": 366.5895080566406,
            "mean_temp": 18.161521911621094,
            "max_temp": 24.10945701599121,
            "germin_temp": 17.77385139465332,
            "min_temp": 12.92505931854248,
            "rh_dev": 70.6375961303711,
            "rh_mat": 60.197242736816406,
            "clay_content": 66.14557647705078,
            "texture": 2.154664993286133
        }
    }
}